Modelo,RMSE,MAE,R2
attention,0.3877020563807412,0.3107016423780098,0.7948676912983359
transformer,0.39196871137198136,0.309714983170132,0.7903278921727772
